{
  "backtest_metrics": {
    "initial_capital": 10000,
    "final_value": 18794.256210000047,
    "total_return": 87.94256210000046,
    "annualized_return": 7.800049165280276,
    "benchmark_return": 23.5,
    "outperformance": 64.44256210000046,
    "volatility": 2.454340859974746,
    "sharpe_ratio": 3.0743583061849566,
    "calmar_ratio": 3.4020955576578418,
    "max_drawdown": -2.2927190118816614,
    "win_rate": 0.8869565217391304,
    "total_trades": 115,
    "avg_win": 96.21258911764708,
    "avg_loss": -63.12934307692315,
    "profit_factor": 11.957969770634262,
    "avg_holding_days": 14.385964912280702,
    "stop_loss_analysis": {
      "stop_loss_count": 1,
      "stop_loss_rate": 0.008695652173913044,
      "avg_stop_loss_drawdown": -10.122989593188263,
      "stop_loss_effectiveness": "High"
    }
  },
  "stop_loss_analysis": {
    "0.05": {
      "total_return": 85.81753570000045,
      "max_drawdown": -1.8329690762370616,
      "sharpe_ratio": 3.0449415181415773,
      "stop_loss_count": 6
    },
    "0.08": {
      "total_return": 87.94256210000046,
      "max_drawdown": -2.2927190118816614,
      "sharpe_ratio": 3.0743583061849566,
      "stop_loss_count": 1
    },
    "0.1": {
      "total_return": 87.94256210000046,
      "max_drawdown": -2.2927190118816614,
      "sharpe_ratio": 3.0743583061849566,
      "stop_loss_count": 1
    },
    "0.12": {
      "total_return": 87.16299030000039,
      "max_drawdown": -2.29194076862779,
      "sharpe_ratio": 3.0705137138212595,
      "stop_loss_count": 1
    }
  },
  "optimal_stop_loss": 0.08,
  "strategy_details": {
    "best_strategy": "beat_spy",
    "model_type": "HistGradientBoostingClassifier",
    "confidence_thresholds": [
      0.25,
      0.75
    ],
    "regimes_used": [
      "LOW",
      "MEDIUM",
      "HIGH"
    ],
    "stop_loss_implemented": true,
    "optimal_stop_loss": 0.08
  },
  "performance_summary": {
    "total_return": 87.94256210000046,
    "outperformance": 64.44256210000046,
    "max_drawdown": -2.2927190118816614,
    "sharpe_ratio": 3.0743583061849566,
    "win_rate": 0.8869565217391304,
    "total_trades": 115
  },
  "timestamp": "2025-10-27 18:31:40"
}